-- phpMyAdmin SQL Dump
-- version 5.2.1
-- https://www.phpmyadmin.net/
--
-- Host: 127.0.0.1
-- Generation Time: Apr 21, 2025 at 05:58 PM
-- Server version: 10.4.32-MariaDB
-- PHP Version: 8.2.12

SET SQL_MODE = "NO_AUTO_VALUE_ON_ZERO";
START TRANSACTION;
SET time_zone = "+00:00";


/*!40101 SET @OLD_CHARACTER_SET_CLIENT=@@CHARACTER_SET_CLIENT */;
/*!40101 SET @OLD_CHARACTER_SET_RESULTS=@@CHARACTER_SET_RESULTS */;
/*!40101 SET @OLD_COLLATION_CONNECTION=@@COLLATION_CONNECTION */;
/*!40101 SET NAMES utf8mb4 */;

--
-- Database: `loginsystem`
--

-- --------------------------------------------------------

--
-- Table structure for table `logintb`
--

CREATE TABLE `logintb` (
  `username` varchar(255) NOT NULL,
  `password` varchar(255) NOT NULL
) ENGINE=InnoDB DEFAULT CHARSET=latin1 COLLATE=latin1_swedish_ci;

--
-- Dumping data for table `logintb`
--

INSERT INTO `logintb` (`username`, `password`) VALUES
('admin', 'admin123'),
('sm134', 'abcd');

-- --------------------------------------------------------

--
-- Table structure for table `members`
--

CREATE TABLE `members` (
  `fname` varchar(40) NOT NULL,
  `lname` varchar(40) NOT NULL,
  `email` varchar(40) NOT NULL,
  `member_id` int(11) NOT NULL,
  `Trainer_id` int(11) DEFAULT NULL,
  `Package_id` int(11) DEFAULT NULL,
  `start_date` date DEFAULT NULL,
  `end_date` date DEFAULT NULL
) ENGINE=InnoDB DEFAULT CHARSET=latin1 COLLATE=latin1_swedish_ci;

--
-- Dumping data for table `members`
--

INSERT INTO `members` (`fname`, `lname`, `email`, `member_id`, `Trainer_id`, `Package_id`, `start_date`, `end_date`) VALUES
('saathvik', 'mullappudi', 'Breeze@breeze.com', 250, 103, 121, '2025-04-19', '2025-05-09'),
('Gourav', 'Varnasi', 'gv665@snu.edu.in', 257, NULL, NULL, '2025-04-21', '2025-05-21'),
('Hrahita', 'Mulla', 'km796@snu.edu.in', 258, 2345, 123, '2025-04-21', '2025-05-21'),
('Mira', 'Kati', 'mira@gmail.com', 262, 103, 126, '2025-04-10', '2025-04-17'),
('harika', 'Silver', 'silver@gmail.com', 263, 103, 126, '2025-04-30', '2025-05-14'),
('Meghana', 'K', 'km796@snu.edu.in', 264, 103, 122, '2025-04-22', '2025-05-10');

-- --------------------------------------------------------

--
-- Table structure for table `notifications`
--

CREATE TABLE `notifications` (
  `notification_id` int(11) NOT NULL,
  `member_id` int(11) NOT NULL,
  `message` varchar(255) DEFAULT NULL,
  `notification_date` timestamp NOT NULL DEFAULT current_timestamp()
) ENGINE=InnoDB DEFAULT CHARSET=utf8mb4 COLLATE=utf8mb4_general_ci;

--
-- Dumping data for table `notifications`
--

INSERT INTO `notifications` (`notification_id`, `member_id`, `message`, `notification_date`) VALUES
(1653, 262, 'Membership has already expired for member: Mira Kati', '2025-04-21 15:57:19');

-- --------------------------------------------------------

--
-- Table structure for table `package`
--

CREATE TABLE `package` (
  `Package_id` int(11) NOT NULL,
  `Package_name` varchar(40) NOT NULL,
  `Amount` int(20) NOT NULL
) ENGINE=InnoDB DEFAULT CHARSET=latin1 COLLATE=latin1_swedish_ci;

--
-- Dumping data for table `package`
--

INSERT INTO `package` (`Package_id`, `Package_name`, `Amount`) VALUES
(121, 'preliminary', 800),
(122, 'muscle gain', 2000),
(123, 'ss', 900),
(126, 'gold', 5000),
(127, 'Platinum', 7000);

-- --------------------------------------------------------

--
-- Table structure for table `payment`
--

CREATE TABLE `payment` (
  `Payment_id` int(11) NOT NULL,
  `Amount` int(20) NOT NULL,
  `Member_id` int(11) DEFAULT NULL,
  `payment_type` varchar(20) NOT NULL,
  `payment_activity` varchar(255) DEFAULT NULL
) ENGINE=InnoDB DEFAULT CHARSET=latin1 COLLATE=latin1_swedish_ci;

--
-- Dumping data for table `payment`
--

INSERT INTO `payment` (`Payment_id`, `Amount`, `Member_id`, `payment_type`, `payment_activity`) VALUES
(305, 5000, 250, 'gpay', 'Payment of 5000 made by Member ID 250 using gpay'),
(308, 2169, 250, 'cash', 'Warning: Payment of 2169 is not divisible by 10. Please check the payment.'),
(312, 2169, NULL, 'cash', 'Warning: Payment of 2169 does not seem right. Please check the payment.'),
(507, 1000, 263, 'gpay', 'Warning: Payment of 1000 does not seem right. Please check the payment.');

--
-- Triggers `payment`
--
DELIMITER $$
CREATE TRIGGER `before_payment_insert` BEFORE INSERT ON `payment` FOR EACH ROW BEGIN
   
    IF NEW.Payment_id >500 THEN
        
        SET NEW.payment_activity = CONCAT('Warning: Payment of ', NEW.Amount, ' does not seem right. Please check the payment.');
    ELSE

        SET NEW.payment_activity = CONCAT('Payment of ', NEW.Amount, ' made by Member ID ', NEW.Member_id, ' using ', NEW.payment_type);
    END IF;
END
$$
DELIMITER ;

-- --------------------------------------------------------

--
-- Table structure for table `trainer`
--

CREATE TABLE `trainer` (
  `Trainer_id` int(11) NOT NULL,
  `Name` varchar(40) NOT NULL,
  `phone` int(100) NOT NULL
) ENGINE=InnoDB DEFAULT CHARSET=latin1 COLLATE=latin1_swedish_ci;

--
-- Dumping data for table `trainer`
--

INSERT INTO `trainer` (`Trainer_id`, `Name`, `phone`) VALUES
(103, 'wasim', 98345672),
(2345, 'Megsus', 87659345);

--
-- Indexes for dumped tables
--

--
-- Indexes for table `logintb`
--
ALTER TABLE `logintb`
  ADD PRIMARY KEY (`username`);

--
-- Indexes for table `members`
--
ALTER TABLE `members`
  ADD PRIMARY KEY (`member_id`),
  ADD KEY `fk_trainer_id` (`Trainer_id`),
  ADD KEY `fk_package_id` (`Package_id`);

--
-- Indexes for table `notifications`
--
ALTER TABLE `notifications`
  ADD PRIMARY KEY (`notification_id`),
  ADD KEY `fk_member_id_neww` (`member_id`);

--
-- Indexes for table `package`
--
ALTER TABLE `package`
  ADD PRIMARY KEY (`Package_id`),
  ADD UNIQUE KEY `Package_id` (`Package_id`);

--
-- Indexes for table `payment`
--
ALTER TABLE `payment`
  ADD PRIMARY KEY (`Payment_id`),
  ADD KEY `fk_member_id` (`Member_id`);

--
-- Indexes for table `trainer`
--
ALTER TABLE `trainer`
  ADD PRIMARY KEY (`Trainer_id`);

--
-- AUTO_INCREMENT for dumped tables
--

--
-- AUTO_INCREMENT for table `members`
--
ALTER TABLE `members`
  MODIFY `member_id` int(11) NOT NULL AUTO_INCREMENT, AUTO_INCREMENT=265;

--
-- AUTO_INCREMENT for table `notifications`
--
ALTER TABLE `notifications`
  MODIFY `notification_id` int(11) NOT NULL AUTO_INCREMENT, AUTO_INCREMENT=1654;

--
-- Constraints for dumped tables
--

--
-- Constraints for table `members`
--
ALTER TABLE `members`
  ADD CONSTRAINT `fk_package_id` FOREIGN KEY (`Package_id`) REFERENCES `package` (`Package_id`) ON DELETE SET NULL ON UPDATE CASCADE,
  ADD CONSTRAINT `fk_trainer_id` FOREIGN KEY (`Trainer_id`) REFERENCES `trainer` (`Trainer_id`) ON DELETE SET NULL ON UPDATE CASCADE;

--
-- Constraints for table `notifications`
--
ALTER TABLE `notifications`
  ADD CONSTRAINT `fk_member_id_neww` FOREIGN KEY (`member_id`) REFERENCES `members` (`Member_id`) ON DELETE CASCADE ON UPDATE CASCADE;

--
-- Constraints for table `payment`
--
ALTER TABLE `payment`
  ADD CONSTRAINT `fk_member_id` FOREIGN KEY (`Member_id`) REFERENCES `members` (`Member_id`) ON DELETE SET NULL ON UPDATE CASCADE;

DELIMITER $$
--
-- Events
--
CREATE DEFINER=`root`@`localhost` EVENT `notify_expiring_members` ON SCHEDULE EVERY 2 MINUTE STARTS '2025-04-21 03:09:19' ON COMPLETION NOT PRESERVE ENABLE DO BEGIN
DELETE FROM notifications;
    INSERT INTO notifications (member_id, message)
    SELECT Member_id, CONCAT('Membership will expire in 7 days or less for member: ', fname, ' ', lname)
    FROM members
    WHERE end_date <= CURDATE() + INTERVAL 7 DAY
      AND end_date > CURDATE();

    INSERT INTO notifications (member_id, message)
    SELECT Member_id, CONCAT('Membership has already expired for member: ', fname, ' ', lname)
    FROM members
    WHERE end_date < CURDATE();
END$$

DELIMITER ;
COMMIT;

/*!40101 SET CHARACTER_SET_CLIENT=@OLD_CHARACTER_SET_CLIENT */;
/*!40101 SET CHARACTER_SET_RESULTS=@OLD_CHARACTER_SET_RESULTS */;
/*!40101 SET COLLATION_CONNECTION=@OLD_COLLATION_CONNECTION */;
